prefix_s	project_s	targeted_locus_name_s	div_s	organism_an	bioproject_s	biosample_ss	infra_name_ss	other_src_ss	contigs_total_length_l	contigs_count_l	contigs_proteins_count_l	contigs_annotated_s	scaffolds_count_l	scaffolds_proteins_count_l	scaffolds_total_length_l	scaffolds_annotated_s	scaffolds_range_ss	chromosome_range_ss	update_date_dt	create_date_dt
NZ_LONI01	WGS		BCT	Escherichia coli	PRJNA224116	SAMN04334701	strain: G109	"host: Bos taurus,isolation_source: mastitis"	0	0	0	No	97	4473	4706160	Yes	NZ_LONI01000001-NZ_LONI01000097		2020-09-05T00:00:00Z	2016-02-29T00:00:00Z
NZ_LONJ01	WGS		BCT	Escherichia coli	PRJNA224116	SAMN04334702	strain: G111	"host: Bos taurus,isolation_source: mastitis"	0	0	0	No	51	4438	4685746	Yes	NZ_LONJ01000001-NZ_LONJ01000051		2020-09-05T00:00:00Z	2016-02-29T00:00:00Z
NZ_LONK01	WGS		BCT	Escherichia coli	PRJNA224116	SAMN04334703	strain: G114	"host: Bos taurus,isolation_source: mastitis"	0	0	0	No	131	4656	4900268	Yes	NZ_LONK01000001-NZ_LONK01000131		2020-09-05T00:00:00Z	2016-02-29T00:00:00Z
NZ_LONL01	WGS		BCT	Escherichia coli	PRJNA224116	SAMN04334704	strain: G138	"host: Bos taurus,isolation_source: mastitis"	0	0	0	No	145	4392	4693077	Yes	NZ_LONL01000001-NZ_LONL01000145		2020-09-05T00:00:00Z	2016-02-29T00:00:00Z
NZ_LONM01	WGS		BCT	Escherichia coli	PRJNA224116	SAMN04334705	strain: G15	"host: Bos taurus,isolation_source: mastitis"	0	0	0	No	142	4848	5041588	Yes	NZ_LONM01000001-NZ_LONM01000142		2020-09-05T00:00:00Z	2016-02-29T00:00:00Z
NZ_LONN01	WGS		BCT	Escherichia coli	PRJNA224116	SAMN04334706	strain: G150	"host: Bos taurus,isolation_source: mastitis"	0	0	0	No	93	4534	4726241	Yes	NZ_LONN01000001-NZ_LONN01000093		2020-09-05T00:00:00Z	2016-02-29T00:00:00Z
NZ_LONO01	WGS		BCT	Escherichia coli	PRJNA224116	SAMN04334707	strain: G158	"host: Bos taurus,isolation_source: mastitis"	0	0	0	No	79	4695	4921425	Yes	NZ_LONO01000001-NZ_LONO01000079		2020-10-24T00:00:00Z	2016-02-29T00:00:00Z
NZ_LONP01	WGS		BCT	Escherichia coli	PRJNA224116	SAMN04334708	strain: G16	"host: Bos taurus,isolation_source: mastitis"	0	0	0	No	66	4508	4762037	Yes	NZ_LONP01000001-NZ_LONP01000066		2020-09-05T00:00:00Z	2016-02-29T00:00:00Z
NZ_LONQ01	WGS		BCT	Escherichia coli	PRJNA224116	SAMN04334709	strain: G169	"host: Bos taurus,isolation_source: mastitis"	0	0	0	No	64	4658	4873876	Yes	NZ_LONQ01000001-NZ_LONQ01000064		2020-09-05T00:00:00Z	2016-02-29T00:00:00Z
NZ_LONR01	WGS		BCT	Escherichia coli	PRJNA224116	SAMN04334710	strain: G17	"host: Bos taurus,isolation_source: mastitis"	0	0	0	No	64	4504	4762560	Yes	NZ_LONR01000001-NZ_LONR01000064		2020-09-05T00:00:00Z	2016-02-29T00:00:00Z
NZ_LONS01	WGS		BCT	Escherichia coli	PRJNA224116	SAMN04334711	strain: G177	"host: Bos taurus,isolation_source: mastitis"	0	0	0	No	204	4850	5077615	Yes	NZ_LONS01000001-NZ_LONS01000204		2020-09-05T00:00:00Z	2016-02-29T00:00:00Z
NZ_LONT01	WGS		BCT	Escherichia coli	PRJNA224116	SAMN04334712	strain: G180	"host: Bos taurus,isolation_source: mastitis"	0	0	0	No	114	4521	4760545	Yes	NZ_LONT01000001-NZ_LONT01000114		2020-09-05T00:00:00Z	2016-02-29T00:00:00Z
NZ_LONU01	WGS		BCT	Escherichia coli	PRJNA224116	SAMN04334713	strain: G184	"host: Bos taurus,isolation_source: mastitis"	0	0	0	No	96	4622	4854863	Yes	NZ_LONU01000001-NZ_LONU01000096		2020-09-05T00:00:00Z	2016-02-29T00:00:00Z
NZ_LONV01	WGS		BCT	Escherichia coli	PRJNA224116	SAMN04334714	strain: G186	"host: Bos taurus,isolation_source: mastitis"	0	0	0	No	152	4400	4693391	Yes	NZ_LONV01000001-NZ_LONV01000152		2020-09-05T00:00:00Z	2016-02-29T00:00:00Z
NZ_LONW01	WGS		BCT	Escherichia coli	PRJNA224116	SAMN04334715	strain: G187	"host: Bos taurus,isolation_source: mastitis"	0	0	0	No	98	4859	5077728	Yes	NZ_LONW01000001-NZ_LONW01000098		2020-09-05T00:00:00Z	2016-02-29T00:00:00Z
NZ_LONX01	WGS		BCT	Escherichia coli	PRJNA224116	SAMN04334716	strain: G188	"host: Bos taurus,isolation_source: mastitis"	0	0	0	No	85	4407	4681743	Yes	NZ_LONX01000001-NZ_LONX01000085		2020-09-05T00:00:00Z	2016-02-29T00:00:00Z
NZ_LONY01	WGS		BCT	Escherichia coli	PRJNA224116	SAMN04334717	strain: G19	"host: Bos taurus,isolation_source: mastitis"	0	0	0	No	87	4586	4798782	Yes	NZ_LONY01000001-NZ_LONY01000087		2020-09-25T00:00:00Z	2016-02-29T00:00:00Z
NZ_LONZ01	WGS		BCT	Escherichia coli	PRJNA224116	SAMN04334718	strain: G190	"host: Bos taurus,isolation_source: mastitis"	0	0	0	No	86	4519	4785734	Yes	NZ_LONZ01000001-NZ_LONZ01000086		2020-09-05T00:00:00Z	2016-02-29T00:00:00Z
NZ_LOOA01	WGS		BCT	Escherichia coli	PRJNA224116	SAMN04334719	strain: G194	"host: Bos taurus,isolation_source: mastitis"	0	0	0	No	94	4644	4838409	Yes	NZ_LOOA01000001-NZ_LOOA01000094		2020-09-05T00:00:00Z	2016-02-29T00:00:00Z
NZ_LOOB01	WGS		BCT	Escherichia coli	PRJNA224116	SAMN04334720	strain: G195	"host: Bos taurus,isolation_source: mastitis"	0	0	0	No	131	4422	4692191	Yes	NZ_LOOB01000001-NZ_LOOB01000131		2020-09-05T00:00:00Z	2016-02-29T00:00:00Z
NZ_LOOC01	WGS		BCT	Escherichia coli	PRJNA224116	SAMN04334721	strain: G196	"host: Bos taurus,isolation_source: mastitis"	0	0	0	No	97	4656	4860288	Yes	NZ_LOOC01000001-NZ_LOOC01000097		2020-09-05T00:00:00Z	2016-02-29T00:00:00Z
NZ_LOOD01	WGS		BCT	Escherichia coli	PRJNA224116	SAMN04334722	strain: G200	"host: Bos taurus,isolation_source: mastitis"	0	0	0	No	69	4796	5019853	Yes	NZ_LOOD01000001-NZ_LOOD01000069		2020-09-05T00:00:00Z	2016-02-29T00:00:00Z
NZ_LOOE01	WGS		BCT	Escherichia coli	PRJNA224116	SAMN04334723	strain: G201	"host: Bos taurus,isolation_source: mastitis"	0	0	0	No	108	4838	5029090	Yes	NZ_LOOE01000001-NZ_LOOE01000108		2020-09-05T00:00:00Z	2016-02-29T00:00:00Z
NZ_LOOF01	WGS		BCT	Escherichia coli	PRJNA224116	SAMN04334724	strain: G207	"host: Bos taurus,isolation_source: mastitis"	0	0	0	No	70	4596	4858485	Yes	NZ_LOOF01000001-NZ_LOOF01000070		2020-09-05T00:00:00Z	2016-02-29T00:00:00Z
NZ_LOOG01	WGS		BCT	Escherichia coli	PRJNA224116	SAMN04334725	strain: G211	"host: Bos taurus,isolation_source: mastitis"	0	0	0	No	68	4605	4882706	Yes	NZ_LOOG01000001-NZ_LOOG01000068		2020-09-05T00:00:00Z	2016-02-29T00:00:00Z
NZ_LOOH01	WGS		BCT	Escherichia coli	PRJNA224116	SAMN04334726	strain: G213	"host: Bos taurus,isolation_source: mastitis"	0	0	0	No	129	4737	4997899	Yes	NZ_LOOH01000001-NZ_LOOH01000129		2020-09-05T00:00:00Z	2016-02-29T00:00:00Z
NZ_LOOI01	WGS		BCT	Escherichia coli	PRJNA224116	SAMN04334727	strain: G214	"host: Bos taurus,isolation_source: mastitis"	0	0	0	No	117	4369	4641274	Yes	NZ_LOOI01000001-NZ_LOOI01000117		2021-02-25T00:00:00Z	2016-02-29T00:00:00Z
NZ_LOOJ01	WGS		BCT	Escherichia coli	PRJNA224116	SAMN04334728	strain: G215	"host: Bos taurus,isolation_source: mastitis"	0	0	0	No	117	4667	4903107	Yes	NZ_LOOJ01000001-NZ_LOOJ01000117		2020-09-05T00:00:00Z	2016-02-29T00:00:00Z
NZ_LOOK01	WGS		BCT	Escherichia coli	PRJNA224116	SAMN04334729	strain: G220	"host: Bos taurus,isolation_source: mastitis"	0	0	0	No	101	4678	4906696	Yes	NZ_LOOK01000001-NZ_LOOK01000101		2020-09-05T00:00:00Z	2016-02-29T00:00:00Z
NZ_LOOL01	WGS		BCT	Escherichia coli	PRJNA224116	SAMN04334730	strain: G222	"host: Bos taurus,isolation_source: mastitis"	0	0	0	No	70	4646	4893415	Yes	NZ_LOOL01000001-NZ_LOOL01000070		2020-09-05T00:00:00Z	2016-02-29T00:00:00Z
NZ_LOOM01	WGS		BCT	Escherichia coli	PRJNA224116	SAMN04334731	strain: G224	"host: Bos taurus,isolation_source: mastitis"	0	0	0	No	110	4595	4843859	Yes	NZ_LOOM01000001-NZ_LOOM01000110		2020-09-05T00:00:00Z	2016-02-29T00:00:00Z
NZ_LOON01	WGS		BCT	Escherichia coli	PRJNA224116	SAMN04334732	strain: G228	"host: Bos taurus,isolation_source: mastitis"	0	0	0	No	69	4412	4684427	Yes	NZ_LOON01000001-NZ_LOON01000069		2020-09-05T00:00:00Z	2016-02-29T00:00:00Z
NZ_LOOO01	WGS		BCT	Escherichia coli	PRJNA224116	SAMN04334733	strain: G229	"host: Bos taurus,isolation_source: mastitis"	0	0	0	No	80	4787	5011700	Yes	NZ_LOOO01000001-NZ_LOOO01000080		2021-02-25T00:00:00Z	2016-02-29T00:00:00Z
NZ_LOOP01	WGS		BCT	Escherichia coli	PRJNA224116	SAMN04334734	strain: G233	"host: Bos taurus,isolation_source: mastitis"	0	0	0	No	76	4591	4809107	Yes	NZ_LOOP01000001-NZ_LOOP01000076		2020-09-05T00:00:00Z	2016-02-29T00:00:00Z
NZ_LOOQ01	WGS		BCT	Escherichia coli	PRJNA224116	SAMN04334735	strain: G235	"host: Bos taurus,isolation_source: mastitis"	0	0	0	No	74	4292	4571499	Yes	NZ_LOOQ01000001-NZ_LOOQ01000074		2020-09-05T00:00:00Z	2016-02-29T00:00:00Z
NZ_LOOR01	WGS		BCT	Escherichia coli	PRJNA224116	SAMN04334736	strain: G236	"host: Bos taurus,isolation_source: mastitis"	0	0	0	No	103	4785	5030500	Yes	NZ_LOOR01000001-NZ_LOOR01000103		2020-09-05T00:00:00Z	2016-02-29T00:00:00Z
NZ_LOOS01	WGS		BCT	Escherichia coli	PRJNA224116	SAMN04334737	strain: G237	"host: Bos taurus,isolation_source: mastitis"	0	0	0	No	133	4674	4876994	Yes	NZ_LOOS01000001-NZ_LOOS01000133		2020-09-05T00:00:00Z	2016-02-29T00:00:00Z
NZ_LOOT01	WGS		BCT	Escherichia coli	PRJNA224116	SAMN04334738	strain: G239	"host: Bos taurus,isolation_source: mastitis"	0	0	0	No	94	4278	4568301	Yes	NZ_LOOT01000001-NZ_LOOT01000094		2020-09-05T00:00:00Z	2016-02-29T00:00:00Z
NZ_LOOU01	WGS		BCT	Escherichia coli	PRJNA224116	SAMN04334739	strain: G240	"host: Bos taurus,isolation_source: mastitis"	0	0	0	No	99	4275	4569597	Yes	NZ_LOOU01000001-NZ_LOOU01000099		2020-09-05T00:00:00Z	2016-02-29T00:00:00Z
NZ_LOOV01	WGS		BCT	Escherichia coli	PRJNA224116	SAMN04334740	strain: G246	"host: Bos taurus,isolation_source: mastitis"	0	0	0	No	94	4522	4769390	Yes	NZ_LOOV01000001-NZ_LOOV01000094		2021-02-25T00:00:00Z	2016-02-29T00:00:00Z
NZ_LOOW01	WGS		BCT	Escherichia coli	PRJNA224116	SAMN04334741	strain: G250	"host: Bos taurus,isolation_source: mastitis"	0	0	0	No	63	4519	4763248	Yes	NZ_LOOW01000001-NZ_LOOW01000063		2020-09-05T00:00:00Z	2016-02-29T00:00:00Z
NZ_LOOX01	WGS		BCT	Escherichia coli	PRJNA224116	SAMN04334742	strain: G26	"host: Bos taurus,isolation_source: mastitis"	0	0	0	No	357	5005	5308409	Yes	NZ_LOOX01000001-NZ_LOOX01000357		2020-09-05T00:00:00Z	2016-02-29T00:00:00Z
NZ_LOOY01	WGS		BCT	Escherichia coli	PRJNA224116	SAMN04334743	strain: G27	"host: Bos taurus,isolation_source: mastitis"	0	0	0	No	73	4822	5095132	Yes	NZ_LOOY01000001-NZ_LOOY01000073		2020-09-05T00:00:00Z	2016-02-29T00:00:00Z
NZ_LOOZ01	WGS		BCT	Escherichia coli	PRJNA224116	SAMN04334744	strain: G28	"host: Bos taurus,isolation_source: mastitis"	0	0	0	No	353	5288	5632423	Yes	NZ_LOOZ01000001-NZ_LOOZ01000353		2020-09-05T00:00:00Z	2016-02-29T00:00:00Z
NZ_LOPA01	WGS		BCT	Escherichia coli	PRJNA224116	SAMN04334745	strain: G299	"host: Bos taurus,isolation_source: mastitis"	0	0	0	No	139	4798	5035241	Yes	NZ_LOPA01000001-NZ_LOPA01000139		2020-09-05T00:00:00Z	2016-02-29T00:00:00Z
NZ_LOPB01	WGS		BCT	Escherichia coli	PRJNA224116	SAMN04334746	strain: G3	"host: Bos taurus,isolation_source: mastitis"	0	0	0	No	110	4327	4585875	Yes	NZ_LOPB01000001-NZ_LOPB01000110		2020-09-05T00:00:00Z	2016-02-29T00:00:00Z
NZ_LOPC01	WGS		BCT	Escherichia coli	PRJNA224116	SAMN04334747	strain: G300	"host: Bos taurus,isolation_source: mastitis"	0	0	0	No	70	4600	4798068	Yes	NZ_LOPC01000001-NZ_LOPC01000070		2020-09-05T00:00:00Z	2016-02-29T00:00:00Z
NZ_LOPD01	WGS		BCT	Escherichia coli	PRJNA224116	SAMN04334748	strain: G301	"host: Bos taurus,isolation_source: mastitis"	0	0	0	No	113	5259	5517435	Yes	NZ_LOPD01000001-NZ_LOPD01000113		2020-09-05T00:00:00Z	2016-02-29T00:00:00Z
NZ_LOPE01	WGS		BCT	Escherichia coli	PRJNA224116	SAMN04334749	strain: G303	"host: Bos taurus,isolation_source: mastitis"	0	0	0	No	117	4834	5100320	Yes	NZ_LOPE01000001-NZ_LOPE01000117		2020-09-05T00:00:00Z	2016-02-29T00:00:00Z
NZ_LOPF01	WGS		BCT	Escherichia coli	PRJNA224116	SAMN04334750	strain: G310	"host: Bos taurus,isolation_source: mastitis"	0	0	0	No	123	4889	5118790	Yes	NZ_LOPF01000001-NZ_LOPF01000123		2020-09-05T00:00:00Z	2016-02-29T00:00:00Z
NZ_LOPG01	WGS		BCT	Escherichia coli	PRJNA224116	SAMN04334751	strain: G313	"host: Bos taurus,isolation_source: mastitis"	0	0	0	No	64	4687	4914251	Yes	NZ_LOPG01000001-NZ_LOPG01000064		2020-09-05T00:00:00Z	2016-02-29T00:00:00Z
NZ_LOPH01	WGS		BCT	Escherichia coli	PRJNA224116	SAMN04334752	strain: G314	"host: Bos taurus,isolation_source: mastitis"	0	0	0	No	63	4685	4889292	Yes	NZ_LOPH01000001-NZ_LOPH01000063		2020-09-05T00:00:00Z	2016-02-29T00:00:00Z
NZ_LOPI01	WGS		BCT	Escherichia coli	PRJNA224116	SAMN04334753	strain: G315	"host: Bos taurus,isolation_source: mastitis"	0	0	0	No	109	4728	4989392	Yes	NZ_LOPI01000001-NZ_LOPI01000109		2021-02-25T00:00:00Z	2016-02-29T00:00:00Z
NZ_LOPJ01	WGS		BCT	Escherichia coli	PRJNA224116	SAMN04334754	strain: G323	"host: Bos taurus,isolation_source: mastitis"	0	0	0	No	95	4587	4812038	Yes	NZ_LOPJ01000001-NZ_LOPJ01000095		2020-09-05T00:00:00Z	2016-02-29T00:00:00Z
NZ_LOPK01	WGS		BCT	Escherichia coli	PRJNA224116	SAMN04334755	strain: G324	"host: Bos taurus,isolation_source: mastitis"	0	0	0	No	118	4608	4855083	Yes	NZ_LOPK01000001-NZ_LOPK01000118		2020-09-05T00:00:00Z	2016-02-29T00:00:00Z
NZ_LOPL01	WGS		BCT	Escherichia coli	PRJNA224116	SAMN04334756	strain: G35	"host: Bos taurus,isolation_source: mastitis"	0	0	0	No	53	4507	4745878	Yes	NZ_LOPL01000001-NZ_LOPL01000053		2020-09-05T00:00:00Z	2016-02-29T00:00:00Z
NZ_LOPM01	WGS		BCT	Escherichia coli	PRJNA224116	SAMN04334757	strain: G39	"host: Bos taurus,isolation_source: mastitis"	0	0	0	No	83	4688	4846990	Yes	NZ_LOPM01000001-NZ_LOPM01000083		2020-09-05T00:00:00Z	2016-02-29T00:00:00Z
NZ_LOPN01	WGS		BCT	Escherichia coli	PRJNA224116	SAMN04334758	strain: G43	"host: Bos taurus,isolation_source: mastitis"	0	0	0	No	73	4574	4820596	Yes	NZ_LOPN01000001-NZ_LOPN01000073		2020-09-05T00:00:00Z	2016-02-29T00:00:00Z
NZ_LOPO01	WGS		BCT	Escherichia coli	PRJNA224116	SAMN04334759	strain: G51	"host: Bos taurus,isolation_source: mastitis"	0	0	0	No	182	5265	5467298	Yes	NZ_LOPO01000001-NZ_LOPO01000182		2020-09-05T00:00:00Z	2016-02-29T00:00:00Z
NZ_LOPP01	WGS		BCT	Escherichia coli	PRJNA224116	SAMN04334760	strain: G6	"host: Bos taurus,isolation_source: mastitis"	0	0	0	No	97	4621	4815791	Yes	NZ_LOPP01000001-NZ_LOPP01000097		2020-09-05T00:00:00Z	2016-02-29T00:00:00Z
NZ_LOPQ01	WGS		BCT	Escherichia coli	PRJNA224116	SAMN04334761	strain: G65	"host: Bos taurus,isolation_source: mastitis"	0	0	0	No	79	4298	4599528	Yes	NZ_LOPQ01000001-NZ_LOPQ01000079		2020-09-05T00:00:00Z	2016-02-29T00:00:00Z
NZ_LOPR01	WGS		BCT	Escherichia coli	PRJNA224116	SAMN04334762	strain: G76	"host: Bos taurus,isolation_source: mastitis"	0	0	0	No	143	4873	5136543	Yes	NZ_LOPR01000001-NZ_LOPR01000143		2020-09-05T00:00:00Z	2016-02-29T00:00:00Z
DADRJJ01	WGS		BCT	Escherichia coli	PRJNA514245	SAMEA5619102	isolate: CFS3387	"host: Bovinae,isolation_source: Mastitis"	4818054	100	4518	Yes	0	0	0	No			2021-04-03T00:00:00Z	2021-04-03T00:00:00Z
DADRJK01	WGS		BCT	Escherichia coli	PRJNA514245	SAMEA5619099	isolate: CFS3384	"host: Bovinae,isolation_source: Mastitis"	5130344	121	4794	Yes	0	0	0	No			2021-04-03T00:00:00Z	2021-04-03T00:00:00Z
DADRJL01	WGS		BCT	Escherichia coli	PRJNA514245	SAMEA5619080	isolate: CFS3365	"host: Bovinae,isolation_source: Mastitis"	5103435	60	4634	Yes	0	0	0	No			2021-04-03T00:00:00Z	2021-04-03T00:00:00Z
DADRJM01	WGS		BCT	Escherichia coli	PRJNA514245	SAMEA5619100	isolate: CFS3385	"host: Bovinae,isolation_source: Mastitis"	5189530	76	4859	Yes	0	0	0	No			2021-04-03T00:00:00Z	2021-04-03T00:00:00Z
DADRJN01	WGS		BCT	Escherichia coli	PRJNA514245	SAMEA5619081	isolate: CFS3366	"host: Bovinae,isolation_source: Mastitis"	4999979	109	4683	Yes	0	0	0	No			2021-04-03T00:00:00Z	2021-04-03T00:00:00Z
DADRJO01	WGS		BCT	Escherichia coli	PRJNA514245	SAMEA5619101	isolate: CFS3386	"host: Bovinae,isolation_source: Mastitis"	5046869	115	4754	Yes	0	0	0	No			2021-04-03T00:00:00Z	2021-04-03T00:00:00Z
DADRJP01	WGS		BCT	Escherichia coli	PRJNA514245	SAMEA5619079	isolate: CFS3364	"host: Bovinae,isolation_source: Mastitis"	5013322	49	4675	Yes	0	0	0	No			2021-04-03T00:00:00Z	2021-04-03T00:00:00Z
DADRJQ01	WGS		BCT	Escherichia coli	PRJNA514245	SAMEA5619083	isolate: CFS3368	"host: Bovinae,isolation_source: Mastitis"	4992931	78	4649	Yes	0	0	0	No			2021-04-03T00:00:00Z	2021-04-03T00:00:00Z
DADRJW01	WGS		BCT	Escherichia coli	PRJNA514245	SAMEA5619077	isolate: CFS3362	"host: Bovinae,isolation_source: Mastitis"	5294908	74	4905	Yes	0	0	0	No			2021-04-03T00:00:00Z	2021-04-03T00:00:00Z
DADRJX01	WGS		BCT	Escherichia coli	PRJNA514245	SAMEA5619084	isolate: CFS3369	"host: Bovinae,isolation_source: Mastitis"	4981287	166	4703	Yes	0	0	0	No			2021-04-03T00:00:00Z	2021-04-03T00:00:00Z
DADRJY01	WGS		BCT	Escherichia coli	PRJNA514245	SAMEA5619078	isolate: CFS3363	"host: Bovinae,isolation_source: Mastitis"	5312301	46	4899	Yes	0	0	0	No			2021-04-03T00:00:00Z	2021-04-03T00:00:00Z
DADRKA01	WGS		BCT	Escherichia coli	PRJNA514245	SAMEA5619085	isolate: CFS3370	"host: Bovinae,isolation_source: Mastitis"	5295238	60	4879	Yes	0	0	0	No			2021-04-03T00:00:00Z	2021-04-03T00:00:00Z
DADRKB01	WGS		BCT	Escherichia coli	PRJNA514245	SAMEA5619087	isolate: CFS3372	"host: Bovinae,isolation_source: Mastitis"	4826004	54	4423	Yes	0	0	0	No			2021-04-03T00:00:00Z	2021-04-03T00:00:00Z
DADRKC01	WGS		BCT	Escherichia coli	PRJNA514245	SAMEA5619088	isolate: CFS3373	"host: Bovinae,isolation_source: Mastitis"	5123437	94	4864	Yes	0	0	0	No			2021-04-03T00:00:00Z	2021-04-03T00:00:00Z
DADRKD01	WGS		BCT	Escherichia coli	PRJNA514245	SAMEA5619076	isolate: CFS3361	"host: Bovinae,isolation_source: Mastitis"	5105588	76	4814	Yes	0	0	0	No			2021-04-03T00:00:00Z	2021-04-03T00:00:00Z
DADRKE01	WGS		BCT	Escherichia coli	PRJNA514245	SAMEA5619092	isolate: CFS3377	"host: Bovinae,isolation_source: Mastitis"	5077385	238	4808	Yes	0	0	0	No			2021-04-03T00:00:00Z	2021-04-03T00:00:00Z
DADRKF01	WGS		BCT	Escherichia coli	PRJNA514245	SAMEA5619090	isolate: CFS3375	"host: Bovinae,isolation_source: Mastitis"	4852041	64	4559	Yes	0	0	0	No			2021-04-03T00:00:00Z	2021-04-03T00:00:00Z
DADRKG01	WGS		BCT	Escherichia coli	PRJNA514245	SAMEA5619091	isolate: CFS3376	"host: Bovinae,isolation_source: Mastitis"	5045493	84	4721	Yes	0	0	0	No			2021-04-03T00:00:00Z	2021-04-03T00:00:00Z
DADRKH01	WGS		BCT	Escherichia coli	PRJNA514245	SAMEA5619093	isolate: CFS3378	"host: Bovinae,isolation_source: Mastitis"	4866039	76	4539	Yes	0	0	0	No			2021-04-03T00:00:00Z	2021-04-03T00:00:00Z
DADRKI01	WGS		BCT	Escherichia coli	PRJNA514245	SAMEA5619094	isolate: CFS3379	"host: Bovinae,isolation_source: Mastitis"	4801207	75	4465	Yes	0	0	0	No			2021-04-03T00:00:00Z	2021-04-03T00:00:00Z
DADRKJ01	WGS		BCT	Escherichia coli	PRJNA514245	SAMEA5619098	isolate: CFS3383	"host: Bovinae,isolation_source: Mastitis"	5070286	69	4723	Yes	0	0	0	No			2021-04-03T00:00:00Z	2021-04-03T00:00:00Z
DADRKK01	WGS		BCT	Escherichia coli	PRJNA514245	SAMEA5619070	isolate: CFS3355	"host: Bovinae,isolation_source: Mastitis"	4859328	82	4526	Yes	0	0	0	No			2021-04-03T00:00:00Z	2021-04-03T00:00:00Z
DADRKL01	WGS		BCT	Escherichia coli	PRJNA514245	SAMEA5619071	isolate: CFS3356	"host: Bovinae,isolation_source: Mastitis"	5186789	135	4887	Yes	0	0	0	No			2021-04-03T00:00:00Z	2021-04-03T00:00:00Z
DADRKM01	WGS		BCT	Escherichia coli	PRJNA514245	SAMEA5619073	isolate: CFS3358	"host: Bovinae,isolation_source: Mastitis"	4884929	49	4505	Yes	0	0	0	No			2021-04-03T00:00:00Z	2021-04-03T00:00:00Z
DADRKN01	WGS		BCT	Escherichia coli	PRJNA514245	SAMEA5619074	isolate: CFS3359	"host: Bovinae,isolation_source: Mastitis"	4789292	79	4407	Yes	0	0	0	No			2021-04-03T00:00:00Z	2021-04-03T00:00:00Z
DADRKO01	WGS		BCT	Escherichia coli	PRJNA514245	SAMEA5619075	isolate: CFS3360	"host: Bovinae,isolation_source: Mastitis"	5094230	124	4780	Yes	0	0	0	No			2021-04-03T00:00:00Z	2021-04-03T00:00:00Z
DADRKP01	WGS		BCT	Escherichia coli	PRJNA514245	SAMEA5619068	isolate: CFS3353	"host: Bovinae,isolation_source: Mastitis"	5472683	163	5091	Yes	0	0	0	No			2021-04-03T00:00:00Z	2021-04-03T00:00:00Z
DADRKQ01	WGS		BCT	Escherichia coli	PRJNA514245	SAMEA5619069	isolate: CFS3354	"host: Bovinae,isolation_source: Mastitis"	5289535	102	4956	Yes	0	0	0	No			2021-04-03T00:00:00Z	2021-04-03T00:00:00Z
DADRKR01	WGS		BCT	Escherichia coli	PRJNA514245	SAMEA5619044	isolate: CFS3329	"host: Bovinae,isolation_source: Mastitis"	4730717	91	4409	Yes	0	0	0	No			2021-04-03T00:00:00Z	2021-04-03T00:00:00Z
DADRKS01	WGS		BCT	Escherichia coli	PRJNA514245	SAMEA5619046	isolate: CFS3331	"host: Bovinae,isolation_source: Mastitis"	4797637	56	4459	Yes	0	0	0	No			2021-04-03T00:00:00Z	2021-04-03T00:00:00Z
DADRKT01	WGS		BCT	Escherichia coli	PRJNA514245	SAMEA5619045	isolate: CFS3330	"host: Bovinae,isolation_source: Mastitis"	4872083	119	4542	Yes	0	0	0	No			2021-04-03T00:00:00Z	2021-04-03T00:00:00Z
DADRKU01	WGS		BCT	Escherichia coli	PRJNA514245	SAMEA5619047	isolate: CFS3332	"host: Bovinae,isolation_source: Mastitis"	4770128	124	4439	Yes	0	0	0	No			2021-04-03T00:00:00Z	2021-04-03T00:00:00Z
DADRKV01	WGS		BCT	Escherichia coli	PRJNA514245	SAMEA5619065	isolate: CFS3350	"host: Bovinae,isolation_source: Mastitis"	4950995	58	4646	Yes	0	0	0	No			2021-04-03T00:00:00Z	2021-04-03T00:00:00Z
DADRKW01	WGS		BCT	Escherichia coli	PRJNA514245	SAMEA5619067	isolate: CFS3352	"host: Bovinae,isolation_source: Mastitis"	4691669	81	4317	Yes	0	0	0	No			2021-04-03T00:00:00Z	2021-04-03T00:00:00Z
DADRKX01	WGS		BCT	Escherichia coli	PRJNA514245	SAMEA5619051	isolate: CFS3336	"host: Bovinae,isolation_source: Mastitis"	4707364	83	4372	Yes	0	0	0	No			2021-04-03T00:00:00Z	2021-04-03T00:00:00Z
DADRKY01	WGS		BCT	Escherichia coli	PRJNA514245	SAMEA5619066	isolate: CFS3351	"host: Bovinae,isolation_source: Mastitis"	4910866	58	4483	Yes	0	0	0	No			2021-04-03T00:00:00Z	2021-04-03T00:00:00Z
DADRKZ01	WGS		BCT	Escherichia coli	PRJNA514245	SAMEA5619050	isolate: CFS3335	"host: Bovinae,isolation_source: Mastitis"	5021764	105	4671	Yes	0	0	0	No			2021-04-03T00:00:00Z	2021-04-03T00:00:00Z
DADRLA01	WGS		BCT	Escherichia coli	PRJNA514245	SAMEA5619052	isolate: CFS3337	"host: Bovinae,isolation_source: Mastitis"	4873906	81	4561	Yes	0	0	0	No			2021-04-03T00:00:00Z	2021-04-03T00:00:00Z
DADRLB01	WGS		BCT	Escherichia coli	PRJNA514245	SAMEA5619048	isolate: CFS3333	"host: Bovinae,isolation_source: Mastitis"	4748078	29	4354	Yes	0	0	0	No			2021-04-03T00:00:00Z	2021-04-03T00:00:00Z
DADRLC01	WGS		BCT	Escherichia coli	PRJNA514245	SAMEA5619049	isolate: CFS3334	"host: Bovinae,isolation_source: Mastitis"	5017097	132	4687	Yes	0	0	0	No			2021-04-03T00:00:00Z	2021-04-03T00:00:00Z
DADRLD01	WGS		BCT	Escherichia coli	PRJNA514245	SAMEA5619043	isolate: CFS3328	"host: Bovinae,isolation_source: Mastitis"	5074381	135	4736	Yes	0	0	0	No			2021-04-03T00:00:00Z	2021-04-03T00:00:00Z
DADRLE01	WGS		BCT	Escherichia coli	PRJNA514245	SAMEA5619053	isolate: CFS3338	"host: Bovinae,isolation_source: Mastitis"	5402979	120	5046	Yes	0	0	0	No			2021-04-03T00:00:00Z	2021-04-03T00:00:00Z
DADRLF01	WGS		BCT	Escherichia coli	PRJNA514245	SAMEA5619054	isolate: CFS3339	"host: Bovinae,isolation_source: Mastitis"	4880233	99	4519	Yes	0	0	0	No			2021-04-03T00:00:00Z	2021-04-03T00:00:00Z
DADRLG01	WGS		BCT	Escherichia coli	PRJNA514245	SAMEA5619055	isolate: CFS3340	"host: Bovinae,isolation_source: Mastitis"	4962160	67	4589	Yes	0	0	0	No			2021-04-03T00:00:00Z	2021-04-03T00:00:00Z
DADRLH01	WGS		BCT	Escherichia coli	PRJNA514245	SAMEA5619056	isolate: CFS3341	"host: Bovinae,isolation_source: Mastitis"	4773632	73	4404	Yes	0	0	0	No			2021-04-03T00:00:00Z	2021-04-03T00:00:00Z
DADRLI01	WGS		BCT	Escherichia coli	PRJNA514245	SAMEA5619057	isolate: CFS3342	"host: Bovinae,isolation_source: Mastitis"	4909550	70	4591	Yes	0	0	0	No			2021-04-03T00:00:00Z	2021-04-03T00:00:00Z
DADRLJ01	WGS		BCT	Escherichia coli	PRJNA514245	SAMEA5619058	isolate: CFS3343	"host: Bovinae,isolation_source: Mastitis"	5212693	64	4799	Yes	0	0	0	No			2021-04-03T00:00:00Z	2021-04-03T00:00:00Z
DADRLK01	WGS		BCT	Escherichia coli	PRJNA514245	SAMEA5619060	isolate: CFS3345	"host: Bovinae,isolation_source: Mastitis"	4845565	105	4487	Yes	0	0	0	No			2021-04-03T00:00:00Z	2021-04-03T00:00:00Z
DADRLL01	WGS		BCT	Escherichia coli	PRJNA514245	SAMEA5619061	isolate: CFS3346	"host: Bovinae,isolation_source: Mastitis"	5036008	66	4692	Yes	0	0	0	No			2021-04-03T00:00:00Z	2021-04-03T00:00:00Z
DADRLM01	WGS		BCT	Escherichia coli	PRJNA514245	SAMEA5619062	isolate: CFS3347	"host: Bovinae,isolation_source: Mastitis"	4966635	65	4616	Yes	0	0	0	No			2021-04-03T00:00:00Z	2021-04-03T00:00:00Z
DADRLN01	WGS		BCT	Escherichia coli	PRJNA514245	SAMEA5619064	isolate: CFS3349	"host: Bovinae,isolation_source: Mastitis"	5039483	48	4592	Yes	0	0	0	No			2021-04-03T00:00:00Z	2021-04-03T00:00:00Z
DADRLO01	WGS		BCT	Escherichia coli	PRJNA514245	SAMEA5619042	isolate: CFS3327	"host: Bovinae,isolation_source: Mastitis"	5058984	77	4687	Yes	0	0	0	No			2021-04-03T00:00:00Z	2021-04-03T00:00:00Z
DADRLP01	WGS		BCT	Escherichia coli	PRJNA514245	SAMEA5619039	isolate: CFS3324	"host: Bovinae,isolation_source: Mastitis"	4949079	71	4624	Yes	0	0	0	No			2021-04-03T00:00:00Z	2021-04-03T00:00:00Z
DADRLQ01	WGS		BCT	Escherichia coli	PRJNA514245	SAMEA5619041	isolate: CFS3326	"host: Bovinae,isolation_source: Mastitis"	4997253	66	4656	Yes	0	0	0	No			2021-04-03T00:00:00Z	2021-04-03T00:00:00Z
DADRLR01	WGS		BCT	Escherichia coli	PRJNA514245	SAMEA5619038	isolate: CFS3323	"host: Bovinae,isolation_source: Mastitis"	4970654	87	4648	Yes	0	0	0	No			2021-04-03T00:00:00Z	2021-04-03T00:00:00Z
DADRLS01	WGS		BCT	Escherichia coli	PRJNA514245	SAMEA5619040	isolate: CFS3325	"host: Bovinae,isolation_source: Mastitis"	5145489	117	4865	Yes	0	0	0	No			2021-04-03T00:00:00Z	2021-04-03T00:00:00Z
DADRLT01	WGS		BCT	Escherichia coli	PRJNA514245	SAMEA5619037	isolate: CFS3322	"host: Bovinae,isolation_source: Mastitis"	4746246	61	4400	Yes	0	0	0	No			2021-04-03T00:00:00Z	2021-04-03T00:00:00Z
DADRLW01	WGS		BCT	Escherichia coli	PRJNA514245	SAMEA5619036	isolate: CFS3321	"host: Bovinae,isolation_source: Mastitis"	5276186	145	4969	Yes	0	0	0	No			2021-04-03T00:00:00Z	2021-04-03T00:00:00Z
DADRMR01	WGS		BCT	Escherichia coli	PRJNA514245	SAMEA5619033	isolate: CFS3318	"host: Bovinae,isolation_source: Mastitis"	4764355	146	4422	Yes	0	0	0	No			2021-04-03T00:00:00Z	2021-04-03T00:00:00Z
DADRMS01	WGS		BCT	Escherichia coli	PRJNA514245	SAMEA5619034	isolate: CFS3319	"host: Bovinae,isolation_source: Mastitis"	5214395	110	4904	Yes	0	0	0	No			2021-04-03T00:00:00Z	2021-04-03T00:00:00Z
DADRMT01	WGS		BCT	Escherichia coli	PRJNA514245	SAMEA5619035	isolate: CFS3320	"host: Bovinae,isolation_source: Mastitis"	4827605	97	4500	Yes	0	0	0	No			2021-04-03T00:00:00Z	2021-04-03T00:00:00Z
DADOJE01	WGS		BCT	Escherichia coli	PRJNA514245	SAMEA5619072	isolate: CFS3357	"host: Bovinae,isolation_source: Mastitis"	4758969	20	4366	Yes	0	0	0	No			2021-03-24T00:00:00Z	2021-03-24T00:00:00Z
DADOJF01	WGS		BCT	Escherichia coli	PRJNA514245	SAMEA5619097	isolate: CFS3382	"host: Bovinae,isolation_source: Mastitis"	5060581	60	4651	Yes	0	0	0	No			2021-03-24T00:00:00Z	2021-03-24T00:00:00Z
DADOJI01	WGS		BCT	Escherichia coli	PRJNA514245	SAMEA5619096	isolate: CFS3381	"host: Bovinae,isolation_source: Mastitis"	5028125	60	4599	Yes	0	0	0	No			2021-03-24T00:00:00Z	2021-03-24T00:00:00Z
MIVJ01	WGS		BCT	Escherichia coli	PRJNA341825	SAMN05729273	strain: VL2783	"host: Bos taurus,isolation_source: mastitis"	4999443	255	4756	Yes	0	0	0	No			2016-09-29T00:00:00Z	2016-09-29T00:00:00Z
MIVK01	WGS		BCT	Escherichia coli	PRJNA341825	SAMN05729274	strain: VL2790	"host: Bos taurus,isolation_source: mastitis"	4805986	110	4557	Yes	0	0	0	No			2016-09-29T00:00:00Z	2016-09-29T00:00:00Z
MIVL01	WGS		BCT	Escherichia coli	PRJNA341825	SAMN05729275	strain: VL2810	"host: Bos taurus,isolation_source: mastitis"	4794301	142	4547	Yes	0	0	0	No			2016-09-29T00:00:00Z	2016-09-29T00:00:00Z
MIVM01	WGS		BCT	Escherichia coli	PRJNA341825	SAMN05729276	strain: VL2832	"host: Bos taurus,isolation_source: mastitis"	5156882	179	4981	Yes	0	0	0	No			2016-09-29T00:00:00Z	2016-09-29T00:00:00Z
MIVN01	WGS		BCT	Escherichia coli	PRJNA341825	SAMN05729277	strain: VL2871	"host: Bos taurus,isolation_source: mastitis"	4894176	118	4645	Yes	0	0	0	No			2016-09-29T00:00:00Z	2016-09-29T00:00:00Z
MIVO01	WGS		BCT	Escherichia coli	PRJNA341825	SAMN05729278	strain: VL2984	"host: Bos taurus,isolation_source: mastitis"	4991062	130	4811	Yes	0	0	0	No			2016-09-29T00:00:00Z	2016-09-29T00:00:00Z
MIVP01	WGS		BCT	Escherichia coli	PRJNA341825	SAMN05729279	strain: VL3001	"host: Bos taurus,isolation_source: mastitis"	5138579	124	4858	Yes	0	0	0	No			2016-09-29T00:00:00Z	2016-09-29T00:00:00Z
MIVQ01	WGS		BCT	Escherichia coli	PRJNA341825	SAMN05729280	strain: VL3009	"host: Bos taurus,isolation_source: mastitis"	4801282	102	4560	Yes	0	0	0	No			2016-09-29T00:00:00Z	2016-09-29T00:00:00Z
MIVR01	WGS		BCT	Escherichia coli	PRJNA341825	SAMN05729281	strain: VL3013-1	"host: Bos taurus,isolation_source: mastitis"	4900530	114	4693	Yes	0	0	0	No			2016-09-29T00:00:00Z	2016-09-29T00:00:00Z
MIVS01	WGS		BCT	Escherichia coli	PRJNA341825	SAMN05729282	strain: VL3013-4	"host: Bos taurus,isolation_source: mastitis"	5407092	111	5135	Yes	0	0	0	No			2016-09-29T00:00:00Z	2016-09-29T00:00:00Z
MIWA01	WGS		BCT	Escherichia coli	PRJNA341825	SAMN05729290	strain: AF7407	"host: Bos taurus,isolation_source: mastitis"	4910030	131	4702	Yes	0	0	0	No			2016-09-29T00:00:00Z	2016-09-29T00:00:00Z
MIWB01	WGS		BCT	Escherichia coli	PRJNA341825	SAMN05729291	strain: AF7504-1	"host: Bos taurus,isolation_source: mastitis"	4958217	138	4725	Yes	0	0	0	No			2016-09-29T00:00:00Z	2016-09-29T00:00:00Z
MIWC01	WGS		BCT	Escherichia coli	PRJNA341825	SAMN05729293	strain: AF7658-2	"host: Bos taurus,isolation_source: mastitis"	5055071	143	4839	Yes	0	0	0	No			2016-09-29T00:00:00Z	2016-09-29T00:00:00Z
MIWD01	WGS		BCT	Escherichia coli	PRJNA341825	SAMN05729294	strain: AF7658-3	"host: Bos taurus,isolation_source: mastitis"	5353100	279	5165	Yes	0	0	0	No			2016-09-29T00:00:00Z	2016-09-29T00:00:00Z
MIWE01	WGS		BCT	Escherichia coli	PRJNA341825	SAMN05729295	strain: AF7709	"host: Bos taurus,isolation_source: mastitis"	4983490	114	4799	Yes	0	0	0	No			2016-09-29T00:00:00Z	2016-09-29T00:00:00Z
MIWF01	WGS		BCT	Escherichia coli	PRJNA341825	SAMN05729296	strain: AF7759-1	"host: Bos taurus,isolation_source: mastitis"	5237625	185	5014	Yes	0	0	0	No			2016-09-29T00:00:00Z	2016-09-29T00:00:00Z
MIWG01	WGS		BCT	Escherichia coli	PRJNA341825	SAMN05729297	strain: AF7761	"host: Bos taurus,isolation_source: mastitis"	4826746	119	4602	Yes	0	0	0	No			2016-09-29T00:00:00Z	2016-09-29T00:00:00Z
MIWH01	WGS		BCT	Escherichia coli	PRJNA341825	SAMN05729298	strain: AF7945	"host: Bos taurus,isolation_source: mastitis"	4688097	192	4419	Yes	0	0	0	No			2016-09-29T00:00:00Z	2016-09-29T00:00:00Z
MIWI01	WGS		BCT	Escherichia coli	PRJNA341825	SAMN05729299	strain: ca285-S9	"host: Bos taurus,isolation_source: mastitis"	5380202	168	5268	Yes	0	0	0	No			2016-09-29T00:00:00Z	2016-09-29T00:00:00Z
MIWL01	WGS		BCT	Escherichia coli	PRJNA341825	SAMN05729302	strain: K506	"host: Bos taurus,isolation_source: mastitis"	5350164	125	5171	Yes	0	0	0	No			2016-09-29T00:00:00Z	2016-09-29T00:00:00Z
MIWM01	WGS		BCT	Escherichia coli	PRJNA341825	SAMN05729303	strain: K2026	"host: Bos taurus,isolation_source: mastitis"	4905886	140	4704	Yes	0	0	0	No			2016-09-29T00:00:00Z	2016-09-29T00:00:00Z
MIWN01	WGS		BCT	Escherichia coli	PRJNA341825	SAMN05729304	strain: K2328	"host: Bos taurus,isolation_source: mastitis"	5133112	178	5006	Yes	0	0	0	No			2016-09-29T00:00:00Z	2016-09-29T00:00:00Z
MIWO01	WGS		BCT	Escherichia coli	PRJNA341825	SAMN05729305	strain: K6112	"host: Bos taurus,isolation_source: mastitis"	5234562	140	5031	Yes	0	0	0	No			2016-09-29T00:00:00Z	2016-09-29T00:00:00Z
MIWP01	WGS		BCT	Escherichia coli	PRJNA341825	SAMN05729306	strain: K6412	"host: Bos taurus,isolation_source: mastitis"	5084766	172	4949	Yes	0	0	0	No			2016-09-29T00:00:00Z	2016-09-29T00:00:00Z
MIWQ01	WGS		BCT	Escherichia coli	PRJNA341825	SAMN05729307	strain: K6636	"host: Bos taurus,isolation_source: mastitis"	4925083	180	4652	Yes	0	0	0	No			2016-09-29T00:00:00Z	2016-09-29T00:00:00Z
MIXD01	WGS		BCT	Escherichia coli	PRJNA341825	SAMN05729320	strain: VL2395	"host: Bos taurus,isolation_source: mastitis"	5087516	194	4877	Yes	0	0	0	No			2016-09-29T00:00:00Z	2016-09-29T00:00:00Z
MIXE01	WGS		BCT	Escherichia coli	PRJNA341825	SAMN05729321	strain: VL2507-1	"host: Bos taurus,isolation_source: mastitis"	5451048	176	5353	Yes	0	0	0	No			2016-09-29T00:00:00Z	2016-09-29T00:00:00Z
MIXF01	WGS		BCT	Escherichia coli	PRJNA341825	SAMN05729322	strain: VL2604	"host: Bos taurus,isolation_source: mastitis"	5146031	300	4981	Yes	0	0	0	No			2016-09-29T00:00:00Z	2016-09-29T00:00:00Z
MIXG01	WGS		BCT	Escherichia coli	PRJNA341825	SAMN05729323	strain: VL2619-1	"host: Bos taurus,isolation_source: mastitis"	4961554	115	4716	Yes	0	0	0	No			2016-09-29T00:00:00Z	2016-09-29T00:00:00Z
MIXH01	WGS		BCT	Escherichia coli	PRJNA341825	SAMN05729324	strain: VL2622	"host: Bos taurus,isolation_source: mastitis"	4797731	151	4573	Yes	0	0	0	No			2016-09-29T00:00:00Z	2016-09-29T00:00:00Z
MIXI01	WGS		BCT	Escherichia coli	PRJNA341825	SAMN05729325	strain: VL2632	"host: Bos taurus,isolation_source: mastitis"	4871372	85	4645	Yes	0	0	0	No			2016-09-29T00:00:00Z	2016-09-29T00:00:00Z
MIXJ01	WGS		BCT	Escherichia coli	PRJNA341825	SAMN05729326	strain: VL2638	"host: Bos taurus,isolation_source: mastitis"	5007875	267	4769	Yes	0	0	0	No			2016-09-29T00:00:00Z	2016-09-29T00:00:00Z
MIXK01	WGS		BCT	Escherichia coli	PRJNA341825	SAMN05729327	strain: VL2729-1	"host: Bos taurus,isolation_source: mastitis"	5125821	144	4940	Yes	0	0	0	No			2016-09-29T00:00:00Z	2016-09-29T00:00:00Z
MIXL01	WGS		BCT	Escherichia coli	PRJNA341825	SAMN05729328	strain: VL2738	"host: Bos taurus,isolation_source: mastitis"	4924849	126	4728	Yes	0	0	0	No			2016-09-29T00:00:00Z	2016-09-29T00:00:00Z
MIXM01	WGS		BCT	Escherichia coli	PRJNA341825	SAMN05729329	strain: VL2762-1	"host: Bos taurus,isolation_source: mastitis"	5117662	76	4903	Yes	0	0	0	No			2016-09-29T00:00:00Z	2016-09-29T00:00:00Z
MIXN01	WGS		BCT	Escherichia coli	PRJNA341825	SAMN05729330	strain: VL2762-4	"host: Bos taurus,isolation_source: mastitis"	5040577	108	4901	Yes	0	0	0	No			2016-09-29T00:00:00Z	2016-09-29T00:00:00Z
MIXO01	WGS		BCT	Escherichia coli	PRJNA341825	SAMN05729331	strain: VL2764	"host: Bos taurus,isolation_source: mastitis"	5140364	136	4854	Yes	0	0	0	No			2016-09-29T00:00:00Z	2016-09-29T00:00:00Z
MIXP01	WGS		BCT	Escherichia coli	PRJNA341825	SAMN05729292	strain: AF7607	"host: Bos taurus,isolation_source: mastitis"	4958194	119	4745	Yes	0	0	0	No			2016-09-29T00:00:00Z	2016-09-29T00:00:00Z
LONI01	WGS		BCT	Escherichia coli	PRJNA305846	SAMN04334701	strain: G109	"host: Bos taurus,isolation_source: mastitis"	4706160	97	4467	Yes	0	0	0	No			2016-02-26T00:00:00Z	2016-02-26T00:00:00Z
LONJ01	WGS		BCT	Escherichia coli	PRJNA305846	SAMN04334702	strain: G111	"host: Bos taurus,isolation_source: mastitis"	4685746	51	4433	Yes	0	0	0	No			2016-02-26T00:00:00Z	2016-02-26T00:00:00Z
LONK01	WGS		BCT	Escherichia coli	PRJNA305846	SAMN04334703	strain: G114	"host: Bos taurus,isolation_source: mastitis"	4900268	131	4650	Yes	0	0	0	No			2016-02-26T00:00:00Z	2016-02-26T00:00:00Z
LONL01	WGS		BCT	Escherichia coli	PRJNA305846	SAMN04334704	strain: G138	"host: Bos taurus,isolation_source: mastitis"	4693077	145	4387	Yes	0	0	0	No			2016-02-26T00:00:00Z	2016-02-26T00:00:00Z
LONM01	WGS		BCT	Escherichia coli	PRJNA305846	SAMN04334705	strain: G15	"host: Bos taurus,isolation_source: mastitis"	5041588	142	0	Yes	0	0	0	No			2016-02-26T00:00:00Z	2016-02-26T00:00:00Z
LONN01	WGS		BCT	Escherichia coli	PRJNA305846	SAMN04334706	strain: G150	"host: Bos taurus,isolation_source: mastitis"	4726241	93	4531	Yes	0	0	0	No			2016-02-26T00:00:00Z	2016-02-26T00:00:00Z
LONO01	WGS		BCT	Escherichia coli	PRJNA305846	SAMN04334707	strain: G158	"host: Bos taurus,isolation_source: mastitis"	4921425	79	4686	Yes	0	0	0	No			2016-02-26T00:00:00Z	2016-02-26T00:00:00Z
LONP01	WGS		BCT	Escherichia coli	PRJNA305846	SAMN04334708	strain: G16	"host: Bos taurus,isolation_source: mastitis"	4762037	66	4499	Yes	0	0	0	No			2016-02-26T00:00:00Z	2016-02-26T00:00:00Z
LONQ01	WGS		BCT	Escherichia coli	PRJNA305846	SAMN04334709	strain: G169	"host: Bos taurus,isolation_source: mastitis"	4873876	64	4652	Yes	0	0	0	No			2016-02-26T00:00:00Z	2016-02-26T00:00:00Z
LONR01	WGS		BCT	Escherichia coli	PRJNA305846	SAMN04334710	strain: G17	"host: Bos taurus,isolation_source: mastitis"	4762560	64	4496	Yes	0	0	0	No			2016-02-26T00:00:00Z	2016-02-26T00:00:00Z
LONS01	WGS		BCT	Escherichia coli	PRJNA305846	SAMN04334711	strain: G177	"host: Bos taurus,isolation_source: mastitis"	5077615	204	4834	Yes	0	0	0	No			2016-02-26T00:00:00Z	2016-02-26T00:00:00Z
LONT01	WGS		BCT	Escherichia coli	PRJNA305846	SAMN04334712	strain: G180	"host: Bos taurus,isolation_source: mastitis"	4760545	114	4513	Yes	0	0	0	No			2016-02-26T00:00:00Z	2016-02-26T00:00:00Z
LONU01	WGS		BCT	Escherichia coli	PRJNA305846	SAMN04334713	strain: G184	"host: Bos taurus,isolation_source: mastitis"	4854863	96	4617	Yes	0	0	0	No			2016-02-26T00:00:00Z	2016-02-26T00:00:00Z
LONV01	WGS		BCT	Escherichia coli	PRJNA305846	SAMN04334714	strain: G186	"host: Bos taurus,isolation_source: mastitis"	4693391	152	4395	Yes	0	0	0	No			2016-02-26T00:00:00Z	2016-02-26T00:00:00Z
LONW01	WGS		BCT	Escherichia coli	PRJNA305846	SAMN04334715	strain: G187	"host: Bos taurus,isolation_source: mastitis"	5077728	98	4853	Yes	0	0	0	No			2016-02-26T00:00:00Z	2016-02-26T00:00:00Z
LONX01	WGS		BCT	Escherichia coli	PRJNA305846	SAMN04334716	strain: G188	"host: Bos taurus,isolation_source: mastitis"	4681743	85	4400	Yes	0	0	0	No			2016-02-26T00:00:00Z	2016-02-26T00:00:00Z
LONY01	WGS		BCT	Escherichia coli	PRJNA305846	SAMN04334717	strain: G19	"host: Bos taurus,isolation_source: mastitis"	4798782	87	4574	Yes	0	0	0	No			2016-02-26T00:00:00Z	2016-02-26T00:00:00Z
LONZ01	WGS		BCT	Escherichia coli	PRJNA305846	SAMN04334718	strain: G190	"host: Bos taurus,isolation_source: mastitis"	4785734	86	4514	Yes	0	0	0	No			2016-02-26T00:00:00Z	2016-02-26T00:00:00Z
LOOA01	WGS		BCT	Escherichia coli	PRJNA305846	SAMN04334719	strain: G194	"host: Bos taurus,isolation_source: mastitis"	4838409	94	4641	Yes	0	0	0	No			2016-02-26T00:00:00Z	2016-02-26T00:00:00Z
LOOB01	WGS		BCT	Escherichia coli	PRJNA305846	SAMN04334720	strain: G195	"host: Bos taurus,isolation_source: mastitis"	4692191	131	4416	Yes	0	0	0	No			2016-02-26T00:00:00Z	2016-02-26T00:00:00Z
LOOC01	WGS		BCT	Escherichia coli	PRJNA305846	SAMN04334721	strain: G196	"host: Bos taurus,isolation_source: mastitis"	4860288	97	4648	Yes	0	0	0	No			2016-02-26T00:00:00Z	2016-02-26T00:00:00Z
LOOD01	WGS		BCT	Escherichia coli	PRJNA305846	SAMN04334722	strain: G200	"host: Bos taurus,isolation_source: mastitis"	5019853	69	4792	Yes	0	0	0	No			2016-02-26T00:00:00Z	2016-02-26T00:00:00Z
LOOE01	WGS		BCT	Escherichia coli	PRJNA305846	SAMN04334723	strain: G201	"host: Bos taurus,isolation_source: mastitis"	5029090	108	4833	Yes	0	0	0	No			2016-02-26T00:00:00Z	2016-02-26T00:00:00Z
LOOF01	WGS		BCT	Escherichia coli	PRJNA305846	SAMN04334724	strain: G207	"host: Bos taurus,isolation_source: mastitis"	4858485	70	4594	Yes	0	0	0	No			2016-02-26T00:00:00Z	2016-02-26T00:00:00Z
LOOG01	WGS		BCT	Escherichia coli	PRJNA305846	SAMN04334725	strain: G211	"host: Bos taurus,isolation_source: mastitis"	4882706	68	4608	Yes	0	0	0	No			2016-02-26T00:00:00Z	2016-02-26T00:00:00Z
LOOH01	WGS		BCT	Escherichia coli	PRJNA305846	SAMN04334726	strain: G213	"host: Bos taurus,isolation_source: mastitis"	4997899	129	4733	Yes	0	0	0	No			2016-02-26T00:00:00Z	2016-02-26T00:00:00Z
LOOI01	WGS		BCT	Escherichia coli	PRJNA305846	SAMN04334727	strain: G214	"host: Bos taurus,isolation_source: mastitis"	4641274	117	4366	Yes	0	0	0	No			2016-02-26T00:00:00Z	2016-02-26T00:00:00Z
LOOJ01	WGS		BCT	Escherichia coli	PRJNA305846	SAMN04334728	strain: G215	"host: Bos taurus,isolation_source: mastitis"	4903107	117	4660	Yes	0	0	0	No			2016-02-26T00:00:00Z	2016-02-26T00:00:00Z
LOOK01	WGS		BCT	Escherichia coli	PRJNA305846	SAMN04334729	strain: G220	"host: Bos taurus,isolation_source: mastitis"	4906696	101	4675	Yes	0	0	0	No			2016-02-26T00:00:00Z	2016-02-26T00:00:00Z
LOOL01	WGS		BCT	Escherichia coli	PRJNA305846	SAMN04334730	strain: G222	"host: Bos taurus,isolation_source: mastitis"	4893415	70	4642	Yes	0	0	0	No			2016-02-26T00:00:00Z	2016-02-26T00:00:00Z
LOOM01	WGS		BCT	Escherichia coli	PRJNA305846	SAMN04334731	strain: G224	"host: Bos taurus,isolation_source: mastitis"	4843859	110	4587	Yes	0	0	0	No			2016-02-26T00:00:00Z	2016-02-26T00:00:00Z
LOON01	WGS		BCT	Escherichia coli	PRJNA305846	SAMN04334732	strain: G228	"host: Bos taurus,isolation_source: mastitis"	4684427	69	4407	Yes	0	0	0	No			2016-02-26T00:00:00Z	2016-02-26T00:00:00Z
LOOO01	WGS		BCT	Escherichia coli	PRJNA305846	SAMN04334733	strain: G229	"host: Bos taurus,isolation_source: mastitis"	5011700	80	4784	Yes	0	0	0	No			2016-02-26T00:00:00Z	2016-02-26T00:00:00Z
LOOP01	WGS		BCT	Escherichia coli	PRJNA305846	SAMN04334734	strain: G233	"host: Bos taurus,isolation_source: mastitis"	4809107	76	4582	Yes	0	0	0	No			2016-02-26T00:00:00Z	2016-02-26T00:00:00Z
LOOQ01	WGS		BCT	Escherichia coli	PRJNA305846	SAMN04334735	strain: G235	"host: Bos taurus,isolation_source: mastitis"	4571499	74	4285	Yes	0	0	0	No			2016-02-26T00:00:00Z	2016-02-26T00:00:00Z
LOOR01	WGS		BCT	Escherichia coli	PRJNA305846	SAMN04334736	strain: G236	"host: Bos taurus,isolation_source: mastitis"	5030500	103	4777	Yes	0	0	0	No			2016-02-26T00:00:00Z	2016-02-26T00:00:00Z
LOOS01	WGS		BCT	Escherichia coli	PRJNA305846	SAMN04334737	strain: G237	"host: Bos taurus,isolation_source: mastitis"	4876994	133	4661	Yes	0	0	0	No			2016-02-26T00:00:00Z	2016-02-26T00:00:00Z
LOOT01	WGS		BCT	Escherichia coli	PRJNA305846	SAMN04334738	strain: G239	"host: Bos taurus,isolation_source: mastitis"	4568301	94	4272	Yes	0	0	0	No			2016-02-26T00:00:00Z	2016-02-26T00:00:00Z
LOOU01	WGS		BCT	Escherichia coli	PRJNA305846	SAMN04334739	strain: G240	"host: Bos taurus,isolation_source: mastitis"	4569597	99	4264	Yes	0	0	0	No			2016-02-26T00:00:00Z	2016-02-26T00:00:00Z
LOOV01	WGS		BCT	Escherichia coli	PRJNA305846	SAMN04334740	strain: G246	"host: Bos taurus,isolation_source: mastitis"	4769390	94	4517	Yes	0	0	0	No			2016-02-26T00:00:00Z	2016-02-26T00:00:00Z
LOOW01	WGS		BCT	Escherichia coli	PRJNA305846	SAMN04334741	strain: G250	"host: Bos taurus,isolation_source: mastitis"	4763248	63	4515	Yes	0	0	0	No			2016-02-26T00:00:00Z	2016-02-26T00:00:00Z
LOOX01	WGS		BCT	Escherichia coli	PRJNA305846	SAMN04334742	strain: G26	"host: Bos taurus,isolation_source: mastitis"	5308409	357	4990	Yes	0	0	0	No			2016-02-26T00:00:00Z	2016-02-26T00:00:00Z
LOOY01	WGS		BCT	Escherichia coli	PRJNA305846	SAMN04334743	strain: G27	"host: Bos taurus,isolation_source: mastitis"	5095132	73	4817	Yes	0	0	0	No			2016-02-26T00:00:00Z	2016-02-26T00:00:00Z
LOOZ01	WGS		BCT	Escherichia coli	PRJNA305846	SAMN04334744	strain: G28	"host: Bos taurus,isolation_source: mastitis"	5632423	353	5276	Yes	0	0	0	No			2016-02-26T00:00:00Z	2016-02-26T00:00:00Z
LOPA01	WGS		BCT	Escherichia coli	PRJNA305846	SAMN04334745	strain: G299	"host: Bos taurus,isolation_source: mastitis"	5035241	139	4796	Yes	0	0	0	No			2016-02-26T00:00:00Z	2016-02-26T00:00:00Z
LOPB01	WGS		BCT	Escherichia coli	PRJNA305846	SAMN04334746	strain: G3	"host: Bos taurus,isolation_source: mastitis"	4585875	110	4323	Yes	0	0	0	No			2016-02-26T00:00:00Z	2016-02-26T00:00:00Z
LOPC01	WGS		BCT	Escherichia coli	PRJNA305846	SAMN04334747	strain: G300	"host: Bos taurus,isolation_source: mastitis"	4798068	70	4601	Yes	0	0	0	No			2016-02-26T00:00:00Z	2016-02-26T00:00:00Z
LOPD01	WGS		BCT	Escherichia coli	PRJNA305846	SAMN04334748	strain: G301	"host: Bos taurus,isolation_source: mastitis"	5517435	113	5253	Yes	0	0	0	No			2016-02-26T00:00:00Z	2016-02-26T00:00:00Z
LOPE01	WGS		BCT	Escherichia coli	PRJNA305846	SAMN04334749	strain: G303	"host: Bos taurus,isolation_source: mastitis"	5100320	117	4829	Yes	0	0	0	No			2016-02-26T00:00:00Z	2016-02-26T00:00:00Z
LOPF01	WGS		BCT	Escherichia coli	PRJNA305846	SAMN04334750	strain: G310	"host: Bos taurus,isolation_source: mastitis"	5118790	123	4880	Yes	0	0	0	No			2016-02-26T00:00:00Z	2016-02-26T00:00:00Z
LOPG01	WGS		BCT	Escherichia coli	PRJNA305846	SAMN04334751	strain: G313	"host: Bos taurus,isolation_source: mastitis"	4914251	64	4680	Yes	0	0	0	No			2016-02-26T00:00:00Z	2016-02-26T00:00:00Z
LOPH01	WGS		BCT	Escherichia coli	PRJNA305846	SAMN04334752	strain: G314	"host: Bos taurus,isolation_source: mastitis"	4889292	63	4680	Yes	0	0	0	No			2016-02-26T00:00:00Z	2016-02-26T00:00:00Z
LOPI01	WGS		BCT	Escherichia coli	PRJNA305846	SAMN04334753	strain: G315	"host: Bos taurus,isolation_source: mastitis"	4989392	109	4718	Yes	0	0	0	No			2016-02-26T00:00:00Z	2016-02-26T00:00:00Z
LOPJ01	WGS		BCT	Escherichia coli	PRJNA305846	SAMN04334754	strain: G323	"host: Bos taurus,isolation_source: mastitis"	4812038	95	4584	Yes	0	0	0	No			2016-02-26T00:00:00Z	2016-02-26T00:00:00Z
LOPK01	WGS		BCT	Escherichia coli	PRJNA305846	SAMN04334755	strain: G324	"host: Bos taurus,isolation_source: mastitis"	4855083	118	4599	Yes	0	0	0	No			2016-02-26T00:00:00Z	2016-02-26T00:00:00Z
LOPL01	WGS		BCT	Escherichia coli	PRJNA305846	SAMN04334756	strain: G35	"host: Bos taurus,isolation_source: mastitis"	4745878	53	4503	Yes	0	0	0	No			2016-02-26T00:00:00Z	2016-02-26T00:00:00Z
LOPM01	WGS		BCT	Escherichia coli	PRJNA305846	SAMN04334757	strain: G39	"host: Bos taurus,isolation_source: mastitis"	4846990	83	4677	Yes	0	0	0	No			2016-02-26T00:00:00Z	2016-02-26T00:00:00Z
LOPN01	WGS		BCT	Escherichia coli	PRJNA305846	SAMN04334758	strain: G43	"host: Bos taurus,isolation_source: mastitis"	4820596	73	4569	Yes	0	0	0	No			2016-02-26T00:00:00Z	2016-02-26T00:00:00Z
LOPO01	WGS		BCT	Escherichia coli	PRJNA305846	SAMN04334759	strain: G51	"host: Bos taurus,isolation_source: mastitis"	5467298	182	5250	Yes	0	0	0	No			2016-02-26T00:00:00Z	2016-02-26T00:00:00Z
LOPP01	WGS		BCT	Escherichia coli	PRJNA305846	SAMN04334760	strain: G6	"host: Bos taurus,isolation_source: mastitis"	4815791	97	4615	Yes	0	0	0	No			2016-02-26T00:00:00Z	2016-02-26T00:00:00Z
LOPQ01	WGS		BCT	Escherichia coli	PRJNA305846	SAMN04334761	strain: G65	"host: Bos taurus,isolation_source: mastitis"	4599528	79	4298	Yes	0	0	0	No			2016-02-26T00:00:00Z	2016-02-26T00:00:00Z
LOPR01	WGS		BCT	Escherichia coli	PRJNA305846	SAMN04334762	strain: G76	"host: Bos taurus,isolation_source: mastitis"	5136543	143	4867	Yes	0	0	0	No			2016-02-26T00:00:00Z	2016-02-26T00:00:00Z